product_id,restaurant_id,product_name,category,price,cost,availability
PROD00001,REST0018,Food Item 0001,Noodles,583.6,374.45,Available
PROD00002,REST0022,Food Item 0002,Curry,971.26,604.99,Unavailable
PROD00003,REST0056,Food Item 0003,Rice,892.5,531.29,Available
PROD00004,REST0017,Food Item 0004,Biryani,1049.66,738.74,Available
PROD00005,REST0038,Food Item 0005,Burger,130.35,83.86,Available
PROD00006,REST0025,Food Item 0006,Burger,1163.73,803.43,Unavailable
PROD00007,REST0032,Food Item 0007,Curry,488.73,335.22,Unavailable
PROD00008,REST0015,Food Item 0008,Drinks,1189.63,603.52,Available
PROD00009,REST0013,Food Item 0009,Dessert,392.83,253.39,Unavailable
PROD00010,REST0058,Food Item 0010,Pizza,629.26,320.86,Available
PROD00011,REST0090,Food Item 0011,Drinks,502.24,313.9,Available
PROD00012,REST0050,Food Item 0012,Dessert,504.22,329.37,Available
PROD00013,REST0011,Food Item 0013,Drinks,1029.66,771.39,Available
PROD00014,REST0013,Food Item 0014,Rice,926.13,425.24,Available
PROD00015,REST0097,Food Item 0015,Drinks,1191.52,568.8,Available
PROD00016,REST0050,Food Item 0016,Pizza,782.6,370.25,Available
PROD00017,REST0038,Food Item 0017,Burger,620.32,353.28,Available
PROD00018,REST0001,Food Item 0018,Drinks,217.28,151.33,Available
PROD00019,REST0039,Food Item 0019,Snacks,1196.29,841.25,Available
PROD00020,REST0027,Food Item 0020,Dessert,715.65,480.27,Available
PROD00021,REST0036,Food Item 0021,Chicken,876.52,630.27,Unavailable
PROD00022,REST0032,Food Item 0022,Dessert,559.28,305.85,Available
PROD00023,REST0041,Food Item 0023,Burger,711.53,339.01,Available
PROD00024,REST0015,Food Item 0024,Drinks,1137.98,531.94,Unavailable
PROD00025,REST0031,Food Item 0025,Snacks,299.73,211.5,Unavailable
PROD00026,REST0006,Food Item 0026,Drinks,435.76,291.58,Available
PROD00027,REST0089,Food Item 0027,Drinks,284.22,187.47,Unavailable
PROD00028,REST0052,Food Item 0028,Curry,975.59,538.43,Unavailable
PROD00029,REST0082,Food Item 0029,Rice,187.01,105.47,Available
PROD00030,REST0022,Food Item 0030,Pizza,208.16,153.5,Available
PROD00031,REST0031,Food Item 0031,Rice,442.37,207.53,Available
PROD00032,REST0100,Food Item 0032,Chicken,675.32,460.65,Available
PROD00033,REST0073,Food Item 0033,Burger,558.78,303.36,Available
PROD00034,REST0046,Food Item 0034,Drinks,168.4,77.75,Unavailable
PROD00035,REST0067,Food Item 0035,Biryani,1154.09,776.44,Available
PROD00036,REST0097,Food Item 0036,Rice,1149.1,631.17,Unavailable
PROD00037,REST0091,Food Item 0037,Noodles,421.7,281.12,Available
PROD00038,REST0043,Food Item 0038,Biryani,910.05,602.72,Available
PROD00039,REST0001,Food Item 0039,Rice,744.86,454.69,Available
PROD00040,REST0044,Food Item 0040,Noodles,376.47,257.21,Available
PROD00041,REST0057,Food Item 0041,Burger,403.15,251.69,Available
PROD00042,REST0009,Food Item 0042,Drinks,650.45,348.64,Unavailable
PROD00043,REST0005,Food Item 0043,Snacks,572.78,383.9,Available
PROD00044,REST0079,Food Item 0044,Snacks,434.53,272.34,Available
PROD00045,REST0009,Food Item 0045,Rice,992.11,450.24,Unavailable
PROD00046,REST0045,Food Item 0046,Drinks,639.98,461.1,Available
PROD00047,REST0092,Food Item 0047,Rice,827.24,507.67,Unavailable
PROD00048,REST0077,Food Item 0048,Burger,324.42,230.53,Available
PROD00049,REST0024,Food Item 0049,Noodles,696.19,497.65,Unavailable
PROD00050,REST0074,Food Item 0050,Drinks,463.41,270.4,Available
PROD00051,REST0042,Food Item 0051,Biryani,688.53,414.7,Unavailable
PROD00052,REST0022,Food Item 0052,Noodles,963.29,553.63,Available
PROD00053,REST0060,Food Item 0053,Biryani,950.43,555.84,Available
PROD00054,REST0086,Food Item 0054,Biryani,502.56,361.11,Available
PROD00055,REST0037,Food Item 0055,Burger,869.82,597.08,Unavailable
PROD00056,REST0039,Food Item 0056,Pizza,1136.59,554.61,Unavailable
PROD00057,REST0084,Food Item 0057,Pizza,795.72,503.76,Unavailable
PROD00058,REST0074,Food Item 0058,Drinks,280.28,209.87,Available
PROD00059,REST0074,Food Item 0059,Chicken,854.09,536.94,Available
PROD00060,REST0090,Food Item 0060,Dessert,233.3,159.99,Unavailable
PROD00061,REST0089,Food Item 0061,Pizza,1061.88,722.84,Unavailable
PROD00062,REST0053,Food Item 0062,Drinks,677.99,376.35,Available
PROD00063,REST0028,Food Item 0063,Biryani,535.95,300.97,Available
PROD00064,REST0077,Food Item 0064,Snacks,181.57,121.15,Unavailable
PROD00065,REST0015,Food Item 0065,Pizza,531.25,318.75,Available
PROD00066,REST0060,Food Item 0066,Burger,1095.46,680.47,Unavailable
PROD00067,REST0060,Food Item 0067,Drinks,142.66,94.71,Available
PROD00068,REST0006,Food Item 0068,Dessert,632.62,432.25,Available
PROD00069,REST0052,Food Item 0069,Rice,1125.65,598.23,Available
PROD00070,REST0012,Food Item 0070,Chicken,546.43,269.96,Available
PROD00071,REST0019,Food Item 0071,Biryani,582.43,313.08,Available
PROD00072,REST0096,Food Item 0072,Biryani,744.84,448.59,Available
PROD00073,REST0075,Food Item 0073,Rice,619.97,342.62,Unavailable
PROD00074,REST0097,Food Item 0074,Pizza,302.09,187.45,Available
PROD00075,REST0002,Food Item 0075,Snacks,140.04,65.26,Unavailable
PROD00076,REST0055,Food Item 0076,Rice,778.6,469.44,Available
PROD00077,REST0015,Food Item 0077,Snacks,1114.47,624.54,Available
PROD00078,REST0064,Food Item 0078,Biryani,234.87,143.36,Available
PROD00079,REST0100,Food Item 0079,Dessert,347.83,200.61,Available
PROD00080,REST0069,Food Item 0080,Pizza,519.85,278.26,Available
PROD00081,REST0015,Food Item 0081,Drinks,993.44,716.5,Unavailable
PROD00082,REST0043,Food Item 0082,Biryani,410.8,207.63,Available
PROD00083,REST0074,Food Item 0083,Rice,1072.62,701.93,Available
PROD00084,REST0017,Food Item 0084,Snacks,179.35,130.46,Available
PROD00085,REST0098,Food Item 0085,Snacks,1136.23,694.92,Available
PROD00086,REST0024,Food Item 0086,Biryani,725.61,517.3,Available
PROD00087,REST0074,Food Item 0087,Biryani,831.48,405.31,Unavailable
PROD00088,REST0030,Food Item 0088,Dessert,517.1,309.3,Available
PROD00089,REST0067,Food Item 0089,Dessert,964.55,566.29,Available
PROD00090,REST0051,Food Item 0090,Curry,299.89,135.68,Available
PROD00091,REST0060,Food Item 0091,Rice,172.82,100.75,Available
PROD00092,REST0003,Food Item 0092,Burger,547.16,306.8,Available
PROD00093,REST0005,Food Item 0093,Rice,1041.99,678.27,Available
PROD00094,REST0028,Food Item 0094,Dessert,935.32,684.19,Available
PROD00095,REST0078,Food Item 0095,Curry,678.53,322.8,Available
PROD00096,REST0011,Food Item 0096,Pizza,737.91,404.55,Unavailable
PROD00097,REST0072,Food Item 0097,Biryani,260.28,151.8,Unavailable
PROD00098,REST0072,Food Item 0098,Chicken,1027.94,602.94,Available
PROD00099,REST0076,Food Item 0099,Rice,969.92,661.92,Available
PROD00100,REST0015,Food Item 0100,Rice,828.99,483.32,Available
PROD00101,REST0083,Food Item 0101,Noodles,623.49,285.65,Available
PROD00102,REST0048,Food Item 0102,Dessert,1161.62,770.19,Available
PROD00103,REST0046,Food Item 0103,Chicken,1069.35,765.07,Available
PROD00104,REST0028,Food Item 0104,Drinks,815.98,492.99,Available
PROD00105,REST0007,Food Item 0105,Noodles,521.55,325.62,Available
PROD00106,REST0071,Food Item 0106,Burger,787.46,392.85,Available
PROD00107,REST0094,Food Item 0107,Rice,741.48,382.75,Available
PROD00108,REST0082,Food Item 0108,Curry,545.78,284.11,Available
PROD00109,REST0088,Food Item 0109,Curry,451.21,261.35,Available
PROD00110,REST0006,Food Item 0110,Drinks,559.57,407.62,Available
PROD00111,REST0058,Food Item 0111,Snacks,739.82,448.73,Available
PROD00112,REST0068,Food Item 0112,Noodles,582.39,295.64,Available
PROD00113,REST0055,Food Item 0113,Noodles,404.66,214.4,Available
PROD00114,REST0067,Food Item 0114,Curry,941.84,532.33,Available
PROD00115,REST0049,Food Item 0115,Curry,693.98,442.05,Available
PROD00116,REST0051,Food Item 0116,Biryani,193.09,112.38,Available
PROD00117,REST0059,Food Item 0117,Curry,517.78,293.96,Unavailable
PROD00118,REST0006,Food Item 0118,Dessert,1075.71,666.31,Available
PROD00119,REST0090,Food Item 0119,Curry,935.66,488.93,Unavailable
PROD00120,REST0051,Food Item 0120,Noodles,469.11,222.2,Available
PROD00121,REST0038,Food Item 0121,Biryani,1133.24,518.26,Available
PROD00122,REST0011,Food Item 0122,Burger,202.73,106.51,Unavailable
PROD00123,REST0052,Food Item 0123,Noodles,1158.13,552.98,Available
PROD00124,REST0093,Food Item 0124,Curry,385.36,212.3,Available
PROD00125,REST0020,Food Item 0125,Curry,129.82,88.52,Available
PROD00126,REST0010,Food Item 0126,Curry,588.51,391.29,Available
PROD00127,REST0026,Food Item 0127,Biryani,507.69,321.51,Unavailable
PROD00128,REST0048,Food Item 0128,Rice,702.22,495.59,Available
PROD00129,REST0091,Food Item 0129,Biryani,980.51,524.2,Available
PROD00130,REST0014,Food Item 0130,Pizza,1029.83,736.86,Available
PROD00131,REST0100,Food Item 0131,Dessert,553.33,315.27,Available
PROD00132,REST0059,Food Item 0132,Chicken,584.23,333.17,Available
PROD00133,REST0012,Food Item 0133,Dessert,280.03,160.07,Available
PROD00134,REST0023,Food Item 0134,Curry,171.35,82.15,Available
PROD00135,REST0085,Food Item 0135,Chicken,812.51,603.41,Available
PROD00136,REST0072,Food Item 0136,Burger,189.59,93.19,Available
PROD00137,REST0039,Food Item 0137,Snacks,912.54,503.96,Available
PROD00138,REST0009,Food Item 0138,Noodles,702.22,383.26,Available
PROD00139,REST0088,Food Item 0139,Rice,334.47,158.0,Available
PROD00140,REST0095,Food Item 0140,Snacks,702.68,348.3,Available
PROD00141,REST0025,Food Item 0141,Biryani,317.64,147.21,Unavailable
PROD00142,REST0017,Food Item 0142,Pizza,593.84,319.32,Available
PROD00143,REST0042,Food Item 0143,Drinks,983.53,698.3,Available
PROD00144,REST0029,Food Item 0144,Dessert,618.87,341.51,Available
PROD00145,REST0060,Food Item 0145,Snacks,280.6,136.68,Available
PROD00146,REST0067,Food Item 0146,Pizza,901.73,580.45,Available
PROD00147,REST0085,Food Item 0147,Curry,321.71,240.95,Available
PROD00148,REST0057,Food Item 0148,Biryani,917.63,476.89,Available
PROD00149,REST0072,Food Item 0149,Biryani,637.7,340.45,Available
PROD00150,REST0014,Food Item 0150,Noodles,610.04,452.38,Available
PROD00151,REST0039,Food Item 0151,Chicken,1039.55,523.55,Available
PROD00152,REST0016,Food Item 0152,Chicken,885.29,534.15,Available
PROD00153,REST0018,Food Item 0153,Snacks,155.54,81.18,Available
PROD00154,REST0095,Food Item 0154,Burger,439.87,320.98,Available
PROD00155,REST0075,Food Item 0155,Chicken,1060.59,789.56,Available
PROD00156,REST0020,Food Item 0156,Chicken,139.79,97.07,Available
PROD00157,REST0046,Food Item 0157,Curry,708.87,385.93,Available
PROD00158,REST0045,Food Item 0158,Curry,906.05,517.4,Available
PROD00159,REST0004,Food Item 0159,Pizza,791.6,413.76,Available
PROD00160,REST0084,Food Item 0160,Biryani,941.37,675.18,Available
PROD00161,REST0095,Food Item 0161,Biryani,903.75,654.65,Available
PROD00162,REST0020,Food Item 0162,Biryani,867.39,499.32,Available
PROD00163,REST0011,Food Item 0163,Pizza,1007.26,651.66,Unavailable
PROD00164,REST0065,Food Item 0164,Drinks,817.35,408.4,Available
PROD00165,REST0018,Food Item 0165,Curry,554.61,321.94,Available
PROD00166,REST0039,Food Item 0166,Pizza,629.66,402.64,Available
PROD00167,REST0044,Food Item 0167,Biryani,894.06,505.7,Available
PROD00168,REST0097,Food Item 0168,Snacks,1066.41,594.29,Available
PROD00169,REST0100,Food Item 0169,Curry,414.0,186.42,Unavailable
PROD00170,REST0018,Food Item 0170,Rice,489.44,338.34,Available
PROD00171,REST0047,Food Item 0171,Chicken,1125.2,806.54,Available
PROD00172,REST0031,Food Item 0172,Curry,744.79,551.77,Available
PROD00173,REST0099,Food Item 0173,Curry,313.28,208.58,Available
PROD00174,REST0039,Food Item 0174,Biryani,836.79,514.32,Available
PROD00175,REST0038,Food Item 0175,Dessert,1190.02,631.65,Available
PROD00176,REST0079,Food Item 0176,Drinks,1009.33,756.79,Available
PROD00177,REST0047,Food Item 0177,Curry,925.4,580.16,Available
PROD00178,REST0070,Food Item 0178,Pizza,344.69,225.55,Available
PROD00179,REST0008,Food Item 0179,Burger,1066.23,698.08,Available
PROD00180,REST0086,Food Item 0180,Biryani,687.85,483.95,Available
PROD00181,REST0065,Food Item 0181,Biryani,1080.43,489.33,Available
PROD00182,REST0013,Food Item 0182,Dessert,476.21,245.76,Available
PROD00183,REST0055,Food Item 0183,Noodles,187.02,121.5,Available
PROD00184,REST0088,Food Item 0184,Burger,634.05,455.59,Available
PROD00185,REST0085,Food Item 0185,Rice,411.42,269.73,Available
PROD00186,REST0043,Food Item 0186,Chicken,892.45,512.31,Available
PROD00187,REST0004,Food Item 0187,Noodles,1153.68,644.29,Available
PROD00188,REST0071,Food Item 0188,Snacks,866.25,581.59,Available
PROD00189,REST0060,Food Item 0189,Curry,1077.89,724.74,Unavailable
PROD00190,REST0012,Food Item 0190,Snacks,609.27,385.13,Available
PROD00191,REST0059,Food Item 0191,Rice,953.37,512.38,Unavailable
PROD00192,REST0077,Food Item 0192,Pizza,1030.49,749.73,Unavailable
PROD00193,REST0054,Food Item 0193,Drinks,887.75,546.47,Unavailable
PROD00194,REST0044,Food Item 0194,Pizza,668.4,459.29,Available
PROD00195,REST0016,Food Item 0195,Pizza,795.94,409.35,Available
PROD00196,REST0006,Food Item 0196,Pizza,876.55,484.92,Available
PROD00197,REST0014,Food Item 0197,Burger,393.33,280.2,Available
PROD00198,REST0058,Food Item 0198,Biryani,994.35,462.4,Available
PROD00199,REST0031,Food Item 0199,Curry,1146.35,692.05,Available
PROD00200,REST0100,Food Item 0200,Chicken,622.46,370.06,Available
PROD00201,REST0041,Food Item 0201,Burger,877.15,592.4,Available
PROD00202,REST0035,Food Item 0202,Noodles,915.99,489.66,Available
PROD00203,REST0010,Food Item 0203,Noodles,835.23,430.74,Unavailable
PROD00204,REST0081,Food Item 0204,Burger,710.88,517.41,Available
PROD00205,REST0030,Food Item 0205,Rice,1072.18,666.37,Available
PROD00206,REST0044,Food Item 0206,Snacks,604.84,291.17,Available
PROD00207,REST0055,Food Item 0207,Burger,185.99,94.47,Available
PROD00208,REST0071,Food Item 0208,Burger,1032.12,773.73,Available
PROD00209,REST0018,Food Item 0209,Chicken,847.9,431.31,Available
PROD00210,REST0083,Food Item 0210,Chicken,1037.2,656.7,Unavailable
PROD00211,REST0079,Food Item 0211,Biryani,269.63,155.32,Available
PROD00212,REST0086,Food Item 0212,Chicken,153.21,109.65,Available
PROD00213,REST0039,Food Item 0213,Biryani,1129.12,763.91,Unavailable
PROD00214,REST0042,Food Item 0214,Pizza,279.55,175.86,Available
PROD00215,REST0054,Food Item 0215,Snacks,994.42,450.69,Unavailable
PROD00216,REST0030,Food Item 0216,Rice,1009.07,720.41,Unavailable
PROD00217,REST0020,Food Item 0217,Snacks,885.4,516.54,Available
PROD00218,REST0096,Food Item 0218,Biryani,261.76,190.95,Available
PROD00219,REST0042,Food Item 0219,Chicken,840.79,503.35,Unavailable
PROD00220,REST0089,Food Item 0220,Burger,1080.21,711.07,Available
PROD00221,REST0087,Food Item 0221,Curry,579.57,272.85,Unavailable
PROD00222,REST0005,Food Item 0222,Pizza,566.6,381.63,Available
PROD00223,REST0050,Food Item 0223,Dessert,598.29,329.9,Available
PROD00224,REST0041,Food Item 0224,Noodles,208.85,116.0,Available
PROD00225,REST0094,Food Item 0225,Biryani,1083.39,526.09,Available
PROD00226,REST0039,Food Item 0226,Snacks,1058.72,523.07,Available
PROD00227,REST0057,Food Item 0227,Chicken,1197.74,605.73,Available
PROD00228,REST0091,Food Item 0228,Pizza,752.0,412.44,Available
PROD00229,REST0057,Food Item 0229,Noodles,931.29,668.29,Unavailable
PROD00230,REST0037,Food Item 0230,Dessert,338.89,189.94,Available
PROD00231,REST0007,Food Item 0231,Burger,840.93,561.16,Available
PROD00232,REST0005,Food Item 0232,Burger,821.71,390.17,Available
PROD00233,REST0079,Food Item 0233,Biryani,1093.31,685.87,Available
PROD00234,REST0051,Food Item 0234,Biryani,1017.26,604.83,Unavailable
PROD00235,REST0008,Food Item 0235,Chicken,1133.54,842.66,Available
PROD00236,REST0056,Food Item 0236,Curry,1058.34,744.93,Available
PROD00237,REST0073,Food Item 0237,Chicken,1058.19,620.57,Unavailable
PROD00238,REST0011,Food Item 0238,Rice,188.82,128.88,Available
PROD00239,REST0022,Food Item 0239,Pizza,1033.64,525.0,Available
PROD00240,REST0098,Food Item 0240,Pizza,776.08,480.16,Available
PROD00241,REST0099,Food Item 0241,Snacks,530.88,250.78,Unavailable
PROD00242,REST0077,Food Item 0242,Burger,181.04,100.37,Available
PROD00243,REST0011,Food Item 0243,Drinks,851.89,441.07,Available
PROD00244,REST0060,Food Item 0244,Chicken,474.46,315.84,Available
PROD00245,REST0096,Food Item 0245,Snacks,625.2,373.26,Available
PROD00246,REST0015,Food Item 0246,Biryani,856.27,578.26,Available
PROD00247,REST0038,Food Item 0247,Pizza,1104.72,667.9,Available
PROD00248,REST0001,Food Item 0248,Biryani,1011.47,481.4,Unavailable
PROD00249,REST0046,Food Item 0249,Chicken,606.64,406.82,Available
PROD00250,REST0088,Food Item 0250,Noodles,538.81,377.15,Unavailable
PROD00251,REST0043,Food Item 0251,Biryani,378.96,273.25,Available
PROD00252,REST0022,Food Item 0252,Drinks,522.22,324.61,Available
PROD00253,REST0003,Food Item 0253,Pizza,239.93,162.21,Unavailable
PROD00254,REST0014,Food Item 0254,Chicken,1168.79,789.65,Available
PROD00255,REST0002,Food Item 0255,Snacks,739.83,367.49,Available
PROD00256,REST0061,Food Item 0256,Curry,258.03,128.83,Available
PROD00257,REST0032,Food Item 0257,Curry,501.03,236.12,Available
PROD00258,REST0038,Food Item 0258,Chicken,710.8,388.08,Available
PROD00259,REST0097,Food Item 0259,Curry,695.52,411.78,Available
PROD00260,REST0046,Food Item 0260,Pizza,158.34,118.66,Available
PROD00261,REST0042,Food Item 0261,Noodles,1146.91,664.4,Available
PROD00262,REST0006,Food Item 0262,Biryani,417.41,278.78,Unavailable
PROD00263,REST0041,Food Item 0263,Drinks,137.48,90.46,Available
PROD00264,REST0025,Food Item 0264,Dessert,202.56,103.58,Unavailable
PROD00265,REST0098,Food Item 0265,Snacks,746.61,349.08,Unavailable
PROD00266,REST0011,Food Item 0266,Pizza,268.81,165.0,Available
PROD00267,REST0041,Food Item 0267,Burger,165.06,108.95,Available
PROD00268,REST0071,Food Item 0268,Rice,530.0,397.22,Unavailable
PROD00269,REST0057,Food Item 0269,Rice,792.58,441.93,Available
PROD00270,REST0046,Food Item 0270,Snacks,240.79,173.11,Unavailable
PROD00271,REST0086,Food Item 0271,Pizza,458.39,258.8,Available
PROD00272,REST0048,Food Item 0272,Chicken,571.18,375.16,Available
PROD00273,REST0063,Food Item 0273,Biryani,292.22,183.95,Available
PROD00274,REST0039,Food Item 0274,Chicken,666.56,310.55,Available
PROD00275,REST0010,Food Item 0275,Chicken,212.03,100.4,Available
PROD00276,REST0085,Food Item 0276,Burger,170.24,77.67,Unavailable
PROD00277,REST0070,Food Item 0277,Curry,681.42,382.45,Available
PROD00278,REST0065,Food Item 0278,Rice,387.73,261.23,Available
PROD00279,REST0098,Food Item 0279,Dessert,223.0,111.91,Unavailable
PROD00280,REST0059,Food Item 0280,Dessert,577.83,365.05,Unavailable
PROD00281,REST0078,Food Item 0281,Biryani,1108.35,594.79,Available
PROD00282,REST0036,Food Item 0282,Rice,902.13,621.66,Unavailable
PROD00283,REST0027,Food Item 0283,Burger,1000.87,690.12,Available
PROD00284,REST0073,Food Item 0284,Snacks,1061.67,724.72,Available
PROD00285,REST0055,Food Item 0285,Pizza,1170.44,710.98,Available
PROD00286,REST0070,Food Item 0286,Chicken,944.31,505.56,Unavailable
PROD00287,REST0095,Food Item 0287,Chicken,777.08,538.39,Unavailable
PROD00288,REST0081,Food Item 0288,Drinks,514.66,260.33,Available
PROD00289,REST0053,Food Item 0289,Snacks,316.17,169.76,Unavailable
PROD00290,REST0060,Food Item 0290,Drinks,861.59,435.26,Unavailable
PROD00291,REST0061,Food Item 0291,Drinks,1194.55,779.16,Available
PROD00292,REST0036,Food Item 0292,Curry,624.75,409.76,Available
PROD00293,REST0085,Food Item 0293,Dessert,901.57,582.19,Available
PROD00294,REST0027,Food Item 0294,Drinks,654.7,376.24,Available
PROD00295,REST0041,Food Item 0295,Chicken,586.49,281.55,Unavailable
PROD00296,REST0028,Food Item 0296,Rice,563.13,407.34,Unavailable
PROD00297,REST0016,Food Item 0297,Rice,664.99,400.54,Available
PROD00298,REST0035,Food Item 0298,Curry,516.25,295.34,Available
PROD00299,REST0036,Food Item 0299,Rice,928.68,581.95,Available
PROD00300,REST0056,Food Item 0300,Chicken,1064.21,540.45,Available
PROD00301,REST0099,Food Item 0301,Dessert,1073.52,525.77,Available
PROD00302,REST0019,Food Item 0302,Dessert,365.91,209.18,Available
PROD00303,REST0057,Food Item 0303,Dessert,1087.58,563.55,Available
PROD00304,REST0085,Food Item 0304,Pizza,488.88,255.82,Available
PROD00305,REST0033,Food Item 0305,Snacks,454.05,325.9,Unavailable
PROD00306,REST0023,Food Item 0306,Pizza,904.9,551.29,Available
PROD00307,REST0063,Food Item 0307,Pizza,449.07,267.21,Available
PROD00308,REST0070,Food Item 0308,Pizza,177.2,116.39,Unavailable
PROD00309,REST0096,Food Item 0309,Rice,523.51,385.02,Available
PROD00310,REST0022,Food Item 0310,Noodles,899.18,434.9,Available
PROD00311,REST0067,Food Item 0311,Rice,473.12,331.21,Available
PROD00312,REST0099,Food Item 0312,Noodles,799.92,500.11,Available
PROD00313,REST0080,Food Item 0313,Rice,832.93,411.34,Available
PROD00314,REST0059,Food Item 0314,Chicken,912.43,491.93,Unavailable
PROD00315,REST0025,Food Item 0315,Snacks,1088.9,647.58,Available
PROD00316,REST0017,Food Item 0316,Burger,587.17,385.98,Available
PROD00317,REST0039,Food Item 0317,Burger,299.75,156.7,Available
PROD00318,REST0077,Food Item 0318,Pizza,464.44,283.52,Available
PROD00319,REST0092,Food Item 0319,Burger,586.74,384.55,Available
PROD00320,REST0075,Food Item 0320,Snacks,891.0,520.9,Available
PROD00321,REST0074,Food Item 0321,Snacks,134.17,95.11,Unavailable
PROD00322,REST0039,Food Item 0322,Biryani,461.05,327.73,Available
PROD00323,REST0024,Food Item 0323,Curry,962.23,568.88,Unavailable
PROD00324,REST0038,Food Item 0324,Snacks,844.53,626.54,Unavailable
PROD00325,REST0088,Food Item 0325,Curry,910.28,430.27,Available
PROD00326,REST0097,Food Item 0326,Burger,996.76,449.55,Available
PROD00327,REST0081,Food Item 0327,Curry,965.89,544.96,Unavailable
PROD00328,REST0057,Food Item 0328,Noodles,856.76,540.04,Available
PROD00329,REST0044,Food Item 0329,Chicken,594.83,379.95,Available
PROD00330,REST0036,Food Item 0330,Curry,1182.29,701.02,Available
PROD00331,REST0099,Food Item 0331,Chicken,734.6,358.09,Available
PROD00332,REST0070,Food Item 0332,Pizza,338.99,169.88,Available
PROD00333,REST0080,Food Item 0333,Burger,436.24,307.83,Available
PROD00334,REST0045,Food Item 0334,Chicken,869.05,617.35,Available
PROD00335,REST0092,Food Item 0335,Drinks,1118.72,729.6,Available
PROD00336,REST0096,Food Item 0336,Pizza,313.02,203.23,Available
PROD00337,REST0026,Food Item 0337,Chicken,208.93,131.48,Unavailable
PROD00338,REST0011,Food Item 0338,Biryani,1072.05,547.69,Unavailable
PROD00339,REST0052,Food Item 0339,Curry,1108.5,641.24,Unavailable
PROD00340,REST0025,Food Item 0340,Biryani,418.49,275.69,Unavailable
PROD00341,REST0031,Food Item 0341,Snacks,527.47,322.38,Available
PROD00342,REST0085,Food Item 0342,Noodles,833.0,379.49,Available
PROD00343,REST0045,Food Item 0343,Pizza,476.32,350.6,Available
PROD00344,REST0067,Food Item 0344,Dessert,1067.33,750.81,Available
PROD00345,REST0076,Food Item 0345,Dessert,236.18,124.74,Unavailable
PROD00346,REST0040,Food Item 0346,Chicken,161.02,102.24,Available
PROD00347,REST0046,Food Item 0347,Curry,345.17,250.93,Available
PROD00348,REST0054,Food Item 0348,Burger,428.97,205.39,Unavailable
PROD00349,REST0041,Food Item 0349,Dessert,241.96,145.4,Unavailable
PROD00350,REST0089,Food Item 0350,Burger,190.95,112.06,Available
PROD00351,REST0081,Food Item 0351,Dessert,936.06,536.42,Available
PROD00352,REST0038,Food Item 0352,Pizza,297.42,208.4,Unavailable
PROD00353,REST0100,Food Item 0353,Dessert,1107.04,624.59,Available
PROD00354,REST0036,Food Item 0354,Snacks,517.44,242.73,Available
PROD00355,REST0083,Food Item 0355,Rice,844.25,396.59,Available
PROD00356,REST0044,Food Item 0356,Chicken,363.43,168.2,Available
PROD00357,REST0057,Food Item 0357,Noodles,379.55,217.38,Available
PROD00358,REST0066,Food Item 0358,Dessert,740.69,492.95,Unavailable
PROD00359,REST0081,Food Item 0359,Curry,725.49,370.81,Available
PROD00360,REST0030,Food Item 0360,Noodles,950.23,611.89,Available
PROD00361,REST0010,Food Item 0361,Burger,938.44,615.74,Unavailable
PROD00362,REST0099,Food Item 0362,Biryani,844.34,444.6,Available
PROD00363,REST0061,Food Item 0363,Snacks,605.06,381.29,Available
PROD00364,REST0063,Food Item 0364,Drinks,1081.89,709.14,Unavailable
PROD00365,REST0036,Food Item 0365,Drinks,792.38,467.49,Available
PROD00366,REST0054,Food Item 0366,Noodles,1189.41,655.38,Available
PROD00367,REST0097,Food Item 0367,Biryani,1004.92,638.87,Unavailable
PROD00368,REST0065,Food Item 0368,Curry,167.85,124.77,Unavailable
PROD00369,REST0082,Food Item 0369,Noodles,466.24,269.51,Available
PROD00370,REST0004,Food Item 0370,Burger,737.63,418.62,Unavailable
PROD00371,REST0055,Food Item 0371,Pizza,899.19,529.87,Available
PROD00372,REST0054,Food Item 0372,Noodles,714.36,337.8,Available
PROD00373,REST0091,Food Item 0373,Drinks,969.02,596.87,Unavailable
PROD00374,REST0089,Food Item 0374,Rice,425.27,233.31,Unavailable
PROD00375,REST0064,Food Item 0375,Drinks,318.63,154.99,Available
PROD00376,REST0092,Food Item 0376,Biryani,178.23,105.13,Unavailable
PROD00377,REST0022,Food Item 0377,Burger,739.18,333.38,Unavailable
PROD00378,REST0025,Food Item 0378,Curry,863.69,492.77,Available
PROD00379,REST0081,Food Item 0379,Snacks,472.24,227.49,Available
PROD00380,REST0059,Food Item 0380,Chicken,782.67,357.91,Unavailable
PROD00381,REST0057,Food Item 0381,Rice,176.33,122.96,Unavailable
PROD00382,REST0054,Food Item 0382,Snacks,227.24,164.72,Available
PROD00383,REST0044,Food Item 0383,Noodles,877.9,449.75,Available
PROD00384,REST0052,Food Item 0384,Rice,517.52,316.61,Available
PROD00385,REST0076,Food Item 0385,Biryani,845.04,450.73,Unavailable
PROD00386,REST0016,Food Item 0386,Burger,1018.26,608.99,Available
PROD00387,REST0016,Food Item 0387,Curry,1040.83,604.71,Available
PROD00388,REST0081,Food Item 0388,Snacks,305.94,162.37,Available
PROD00389,REST0055,Food Item 0389,Noodles,645.19,425.9,Available
PROD00390,REST0061,Food Item 0390,Burger,912.64,445.32,Unavailable
PROD00391,REST0095,Food Item 0391,Noodles,955.9,445.37,Available
PROD00392,REST0079,Food Item 0392,Curry,967.45,658.16,Unavailable
PROD00393,REST0077,Food Item 0393,Snacks,366.42,238.09,Available
PROD00394,REST0040,Food Item 0394,Noodles,327.94,196.62,Available
PROD00395,REST0091,Food Item 0395,Burger,757.21,447.01,Unavailable
PROD00396,REST0021,Food Item 0396,Noodles,920.37,551.51,Available
PROD00397,REST0066,Food Item 0397,Snacks,464.67,270.02,Available
PROD00398,REST0008,Food Item 0398,Burger,233.08,132.36,Unavailable
PROD00399,REST0071,Food Item 0399,Biryani,894.09,536.37,Unavailable
PROD00400,REST0010,Food Item 0400,Pizza,443.67,270.0,Available
PROD00401,REST0057,Food Item 0401,Burger,299.67,197.05,Available
PROD00402,REST0004,Food Item 0402,Rice,279.54,185.44,Available
PROD00403,REST0043,Food Item 0403,Pizza,460.1,259.17,Unavailable
PROD00404,REST0100,Food Item 0404,Noodles,760.09,436.34,Available
PROD00405,REST0099,Food Item 0405,Snacks,507.07,285.03,Available
PROD00406,REST0063,Food Item 0406,Burger,142.31,86.95,Unavailable
PROD00407,REST0043,Food Item 0407,Snacks,224.66,131.65,Available
PROD00408,REST0067,Food Item 0408,Burger,433.74,310.94,Available
PROD00409,REST0082,Food Item 0409,Snacks,832.48,548.53,Available
PROD00410,REST0051,Food Item 0410,Rice,226.4,162.92,Available
PROD00411,REST0056,Food Item 0411,Chicken,725.51,480.83,Available
PROD00412,REST0043,Food Item 0412,Pizza,249.48,184.94,Unavailable
PROD00413,REST0024,Food Item 0413,Pizza,348.54,223.32,Unavailable
PROD00414,REST0096,Food Item 0414,Burger,305.96,226.12,Unavailable
PROD00415,REST0034,Food Item 0415,Noodles,192.61,95.81,Available
PROD00416,REST0059,Food Item 0416,Curry,845.04,393.57,Unavailable
PROD00417,REST0002,Food Item 0417,Curry,620.48,387.02,Available
PROD00418,REST0002,Food Item 0418,Pizza,1017.54,758.12,Available
PROD00419,REST0010,Food Item 0419,Chicken,226.8,130.47,Available
PROD00420,REST0023,Food Item 0420,Curry,276.31,141.92,Unavailable
PROD00421,REST0015,Food Item 0421,Dessert,450.97,273.5,Available
PROD00422,REST0076,Food Item 0422,Curry,947.14,610.56,Available
PROD00423,REST0017,Food Item 0423,Drinks,450.22,245.17,Available
PROD00424,REST0082,Food Item 0424,Snacks,561.09,372.81,Available
PROD00425,REST0014,Food Item 0425,Pizza,445.73,330.97,Available
PROD00426,REST0081,Food Item 0426,Chicken,206.64,148.59,Available
PROD00427,REST0079,Food Item 0427,Noodles,1134.59,609.81,Available
PROD00428,REST0076,Food Item 0428,Burger,712.42,390.42,Available
PROD00429,REST0016,Food Item 0429,Biryani,970.86,545.1,Available
PROD00430,REST0032,Food Item 0430,Rice,831.03,472.33,Available
PROD00431,REST0023,Food Item 0431,Pizza,675.39,324.25,Available
PROD00432,REST0034,Food Item 0432,Chicken,216.85,147.15,Available
PROD00433,REST0098,Food Item 0433,Burger,814.15,455.6,Available
PROD00434,REST0016,Food Item 0434,Biryani,287.8,205.47,Available
PROD00435,REST0034,Food Item 0435,Drinks,567.53,413.21,Available
PROD00436,REST0071,Food Item 0436,Pizza,799.44,365.61,Available
PROD00437,REST0033,Food Item 0437,Noodles,964.81,720.28,Unavailable
PROD00438,REST0068,Food Item 0438,Rice,859.85,570.09,Available
PROD00439,REST0043,Food Item 0439,Biryani,845.26,512.33,Available
PROD00440,REST0064,Food Item 0440,Noodles,280.97,159.27,Available
PROD00441,REST0071,Food Item 0441,Curry,493.82,299.04,Available
PROD00442,REST0018,Food Item 0442,Burger,166.35,91.06,Available
PROD00443,REST0068,Food Item 0443,Pizza,897.04,571.24,Available
PROD00444,REST0061,Food Item 0444,Burger,1148.79,549.0,Available
PROD00445,REST0075,Food Item 0445,Biryani,405.24,257.87,Available
PROD00446,REST0020,Food Item 0446,Dessert,214.71,114.36,Unavailable
PROD00447,REST0011,Food Item 0447,Dessert,633.62,288.48,Unavailable
PROD00448,REST0079,Food Item 0448,Rice,1045.23,643.66,Available
PROD00449,REST0046,Food Item 0449,Curry,716.13,446.53,Available
PROD00450,REST0064,Food Item 0450,Drinks,170.52,98.56,Available
PROD00451,REST0081,Food Item 0451,Chicken,1172.21,552.91,Available
PROD00452,REST0098,Food Item 0452,Pizza,1014.94,728.73,Available
PROD00453,REST0076,Food Item 0453,Pizza,262.12,166.03,Unavailable
PROD00454,REST0028,Food Item 0454,Biryani,1115.54,540.72,Unavailable
PROD00455,REST0048,Food Item 0455,Dessert,606.74,366.03,Available
PROD00456,REST0035,Food Item 0456,Snacks,521.65,312.56,Unavailable
PROD00457,REST0008,Food Item 0457,Drinks,617.94,289.27,Unavailable
PROD00458,REST0091,Food Item 0458,Biryani,1021.34,645.55,Available
PROD00459,REST0022,Food Item 0459,Drinks,832.24,576.32,Available
PROD00460,REST0024,Food Item 0460,Snacks,183.99,124.14,Available
PROD00461,REST0066,Food Item 0461,Dessert,1154.21,589.68,Available
PROD00462,REST0095,Food Item 0462,Noodles,279.61,198.16,Unavailable
PROD00463,REST0086,Food Item 0463,Snacks,925.21,511.42,Available
PROD00464,REST0064,Food Item 0464,Biryani,807.03,592.32,Unavailable
PROD00465,REST0065,Food Item 0465,Chicken,322.53,152.08,Available
PROD00466,REST0014,Food Item 0466,Drinks,304.39,181.37,Available
PROD00467,REST0025,Food Item 0467,Curry,1059.95,666.85,Available
PROD00468,REST0100,Food Item 0468,Biryani,573.27,300.56,Unavailable
PROD00469,REST0100,Food Item 0469,Noodles,826.94,563.49,Available
PROD00470,REST0003,Food Item 0470,Chicken,664.4,423.93,Unavailable
PROD00471,REST0005,Food Item 0471,Dessert,905.54,412.41,Available
PROD00472,REST0065,Food Item 0472,Rice,637.58,403.28,Available
PROD00473,REST0054,Food Item 0473,Pizza,430.37,257.12,Available
PROD00474,REST0019,Food Item 0474,Snacks,512.45,260.74,Unavailable
PROD00475,REST0097,Food Item 0475,Pizza,1047.8,784.51,Available
PROD00476,REST0054,Food Item 0476,Biryani,625.48,449.81,Available
PROD00477,REST0094,Food Item 0477,Dessert,350.53,188.5,Available
PROD00478,REST0076,Food Item 0478,Burger,1129.37,691.54,Available
PROD00479,REST0010,Food Item 0479,Chicken,980.33,534.23,Unavailable
PROD00480,REST0098,Food Item 0480,Curry,180.12,122.96,Available
PROD00481,REST0016,Food Item 0481,Pizza,1198.86,874.09,Unavailable
PROD00482,REST0046,Food Item 0482,Drinks,870.52,485.44,Available
PROD00483,REST0029,Food Item 0483,Noodles,293.09,202.72,Available
PROD00484,REST0015,Food Item 0484,Pizza,376.14,225.5,Unavailable
PROD00485,REST0048,Food Item 0485,Biryani,867.84,493.78,Available
PROD00486,REST0011,Food Item 0486,Chicken,962.14,703.83,Available
PROD00487,REST0034,Food Item 0487,Chicken,378.16,228.08,Available
PROD00488,REST0036,Food Item 0488,Snacks,397.53,234.63,Unavailable
PROD00489,REST0030,Food Item 0489,Burger,451.69,294.38,Unavailable
PROD00490,REST0099,Food Item 0490,Snacks,765.86,404.66,Available
PROD00491,REST0073,Food Item 0491,Rice,305.56,167.28,Available
PROD00492,REST0082,Food Item 0492,Curry,232.58,169.69,Available
PROD00493,REST0019,Food Item 0493,Dessert,853.17,557.6,Available
PROD00494,REST0068,Food Item 0494,Biryani,961.43,671.07,Available
PROD00495,REST0070,Food Item 0495,Biryani,661.0,351.21,Available
PROD00496,REST0033,Food Item 0496,Dessert,512.94,314.5,Available
PROD00497,REST0096,Food Item 0497,Dessert,586.61,434.92,Available
PROD00498,REST0080,Food Item 0498,Dessert,539.48,294.35,Unavailable
PROD00499,REST0075,Food Item 0499,Burger,1156.78,576.24,Available
PROD00500,REST0022,Food Item 0500,Dessert,949.54,572.83,Available
PROD00501,REST0036,Food Item 0501,Dessert,344.73,195.24,Available
PROD00502,REST0023,Food Item 0502,Pizza,534.92,266.32,Available
PROD00503,REST0063,Food Item 0503,Drinks,707.53,506.99,Unavailable
PROD00504,REST0026,Food Item 0504,Chicken,782.02,584.34,Unavailable
PROD00505,REST0060,Food Item 0505,Dessert,625.64,388.26,Available
PROD00506,REST0095,Food Item 0506,Pizza,994.94,678.95,Available
PROD00507,REST0093,Food Item 0507,Rice,949.01,671.63,Available
PROD00508,REST0005,Food Item 0508,Chicken,665.57,439.47,Available
PROD00509,REST0054,Food Item 0509,Curry,1042.78,483.06,Available
PROD00510,REST0038,Food Item 0510,Chicken,931.18,463.07,Available
PROD00511,REST0062,Food Item 0511,Burger,960.87,452.85,Available
PROD00512,REST0025,Food Item 0512,Dessert,1152.91,522.23,Available
PROD00513,REST0098,Food Item 0513,Chicken,407.78,220.93,Available
PROD00514,REST0012,Food Item 0514,Rice,409.06,232.23,Unavailable
PROD00515,REST0022,Food Item 0515,Burger,1080.07,564.13,Available
PROD00516,REST0009,Food Item 0516,Dessert,954.0,447.79,Available
PROD00517,REST0084,Food Item 0517,Snacks,1120.67,682.44,Unavailable
PROD00518,REST0029,Food Item 0518,Chicken,188.18,100.11,Unavailable
PROD00519,REST0044,Food Item 0519,Dessert,797.98,549.66,Unavailable
PROD00520,REST0093,Food Item 0520,Snacks,276.2,124.96,Unavailable
PROD00521,REST0027,Food Item 0521,Burger,664.21,466.78,Unavailable
PROD00522,REST0055,Food Item 0522,Noodles,288.21,212.25,Available
PROD00523,REST0081,Food Item 0523,Drinks,258.32,171.74,Available
PROD00524,REST0005,Food Item 0524,Noodles,133.14,89.22,Unavailable
PROD00525,REST0052,Food Item 0525,Snacks,800.66,584.54,Unavailable
PROD00526,REST0013,Food Item 0526,Biryani,507.74,260.33,Unavailable
PROD00527,REST0042,Food Item 0527,Drinks,233.6,174.82,Unavailable
PROD00528,REST0015,Food Item 0528,Drinks,468.66,319.65,Available
PROD00529,REST0079,Food Item 0529,Rice,302.46,202.03,Available
PROD00530,REST0018,Food Item 0530,Rice,1137.03,634.83,Unavailable
PROD00531,REST0050,Food Item 0531,Dessert,465.61,285.76,Unavailable
PROD00532,REST0002,Food Item 0532,Chicken,480.67,310.6,Available
PROD00533,REST0087,Food Item 0533,Noodles,1027.05,653.31,Unavailable
PROD00534,REST0013,Food Item 0534,Curry,819.58,542.15,Unavailable
PROD00535,REST0068,Food Item 0535,Biryani,886.99,421.07,Available
PROD00536,REST0047,Food Item 0536,Curry,806.88,449.19,Available
PROD00537,REST0089,Food Item 0537,Dessert,1141.89,662.52,Unavailable
PROD00538,REST0075,Food Item 0538,Snacks,343.56,181.46,Available
PROD00539,REST0050,Food Item 0539,Drinks,1188.16,596.2,Available
PROD00540,REST0012,Food Item 0540,Biryani,1017.43,500.25,Available
PROD00541,REST0013,Food Item 0541,Dessert,756.09,423.35,Available
PROD00542,REST0009,Food Item 0542,Biryani,835.36,499.57,Available
PROD00543,REST0059,Food Item 0543,Pizza,820.73,384.83,Unavailable
PROD00544,REST0045,Food Item 0544,Noodles,183.07,134.36,Available
PROD00545,REST0070,Food Item 0545,Rice,355.46,241.56,Unavailable
PROD00546,REST0043,Food Item 0546,Noodles,1158.39,775.26,Unavailable
PROD00547,REST0074,Food Item 0547,Curry,697.11,349.85,Available
PROD00548,REST0023,Food Item 0548,Biryani,528.62,333.63,Available
PROD00549,REST0079,Food Item 0549,Burger,943.0,574.21,Available
PROD00550,REST0045,Food Item 0550,Rice,686.48,511.25,Available
PROD00551,REST0023,Food Item 0551,Curry,134.22,90.5,Unavailable
PROD00552,REST0034,Food Item 0552,Pizza,915.14,569.88,Available
PROD00553,REST0016,Food Item 0553,Pizza,910.79,642.33,Available
PROD00554,REST0063,Food Item 0554,Burger,298.36,148.14,Available
PROD00555,REST0051,Food Item 0555,Drinks,1153.19,524.2,Available
PROD00556,REST0032,Food Item 0556,Biryani,361.82,237.74,Available
PROD00557,REST0038,Food Item 0557,Pizza,614.37,294.59,Available
PROD00558,REST0056,Food Item 0558,Rice,243.91,118.21,Available
PROD00559,REST0069,Food Item 0559,Curry,771.54,519.56,Available
PROD00560,REST0017,Food Item 0560,Burger,525.49,279.12,Available
PROD00561,REST0086,Food Item 0561,Drinks,501.43,320.21,Available
PROD00562,REST0039,Food Item 0562,Drinks,1013.14,734.75,Available
PROD00563,REST0041,Food Item 0563,Dessert,130.33,71.02,Available
PROD00564,REST0048,Food Item 0564,Curry,981.78,505.76,Unavailable
PROD00565,REST0082,Food Item 0565,Rice,737.16,355.29,Available
PROD00566,REST0028,Food Item 0566,Pizza,1184.99,579.62,Unavailable
PROD00567,REST0077,Food Item 0567,Dessert,756.6,354.59,Available
PROD00568,REST0050,Food Item 0568,Chicken,179.81,85.64,Unavailable
PROD00569,REST0001,Food Item 0569,Rice,174.7,101.26,Available
PROD00570,REST0050,Food Item 0570,Biryani,1073.81,586.58,Available
PROD00571,REST0019,Food Item 0571,Curry,1028.51,680.84,Available
PROD00572,REST0098,Food Item 0572,Burger,493.56,350.96,Available
PROD00573,REST0059,Food Item 0573,Pizza,787.48,539.76,Available
PROD00574,REST0068,Food Item 0574,Chicken,648.76,395.22,Available
PROD00575,REST0067,Food Item 0575,Biryani,1164.54,559.83,Available
PROD00576,REST0041,Food Item 0576,Burger,1145.96,759.69,Available
PROD00577,REST0010,Food Item 0577,Pizza,1182.55,660.87,Available
PROD00578,REST0028,Food Item 0578,Snacks,1055.76,502.22,Available
PROD00579,REST0034,Food Item 0579,Snacks,1102.32,774.64,Available
PROD00580,REST0039,Food Item 0580,Drinks,354.66,195.58,Unavailable
PROD00581,REST0083,Food Item 0581,Chicken,1017.49,524.49,Available
PROD00582,REST0056,Food Item 0582,Chicken,885.57,630.03,Available
PROD00583,REST0052,Food Item 0583,Snacks,1159.81,835.81,Available
PROD00584,REST0100,Food Item 0584,Dessert,736.96,406.57,Available
PROD00585,REST0003,Food Item 0585,Dessert,211.98,117.95,Available
PROD00586,REST0023,Food Item 0586,Drinks,765.19,477.39,Available
PROD00587,REST0017,Food Item 0587,Pizza,861.51,577.24,Unavailable
PROD00588,REST0071,Food Item 0588,Dessert,357.95,167.86,Available
PROD00589,REST0026,Food Item 0589,Dessert,545.64,342.66,Unavailable
PROD00590,REST0018,Food Item 0590,Noodles,766.38,563.94,Unavailable
PROD00591,REST0046,Food Item 0591,Noodles,524.03,277.02,Available
PROD00592,REST0070,Food Item 0592,Rice,524.94,379.35,Available
PROD00593,REST0031,Food Item 0593,Noodles,263.73,193.85,Available
PROD00594,REST0093,Food Item 0594,Pizza,1136.01,602.93,Unavailable
PROD00595,REST0009,Food Item 0595,Pizza,930.53,629.28,Available
PROD00596,REST0035,Food Item 0596,Noodles,121.34,63.29,Available
PROD00597,REST0081,Food Item 0597,Biryani,946.86,635.61,Available
PROD00598,REST0060,Food Item 0598,Burger,918.98,633.38,Unavailable
PROD00599,REST0076,Food Item 0599,Drinks,130.51,68.41,Available
PROD00600,REST0063,Food Item 0600,Pizza,519.17,345.12,Available
PROD00601,REST0100,Food Item 0601,Snacks,775.29,537.77,Unavailable
PROD00602,REST0052,Food Item 0602,Pizza,608.97,339.55,Available
PROD00603,REST0048,Food Item 0603,Rice,960.23,480.41,Available
PROD00604,REST0061,Food Item 0604,Pizza,579.49,276.76,Available
PROD00605,REST0024,Food Item 0605,Chicken,286.17,178.17,Available
PROD00606,REST0074,Food Item 0606,Snacks,1174.53,873.18,Unavailable
PROD00607,REST0058,Food Item 0607,Burger,381.4,265.79,Available
PROD00608,REST0064,Food Item 0608,Pizza,895.11,519.84,Available
PROD00609,REST0030,Food Item 0609,Noodles,274.61,167.78,Unavailable
PROD00610,REST0029,Food Item 0610,Pizza,475.33,253.76,Available
PROD00611,REST0010,Food Item 0611,Drinks,597.39,298.05,Available
PROD00612,REST0039,Food Item 0612,Rice,327.61,194.8,Available
PROD00613,REST0055,Food Item 0613,Drinks,605.96,356.94,Available
PROD00614,REST0028,Food Item 0614,Burger,289.74,175.75,Unavailable
PROD00615,REST0018,Food Item 0615,Burger,723.73,532.55,Available
PROD00616,REST0041,Food Item 0616,Burger,836.81,528.17,Available
PROD00617,REST0081,Food Item 0617,Rice,187.43,118.41,Available
PROD00618,REST0075,Food Item 0618,Drinks,1060.82,518.11,Unavailable
PROD00619,REST0065,Food Item 0619,Dessert,319.95,239.63,Available
PROD00620,REST0081,Food Item 0620,Chicken,363.39,247.78,Available
PROD00621,REST0100,Food Item 0621,Burger,834.26,594.96,Available
PROD00622,REST0100,Food Item 0622,Biryani,626.25,359.65,Available
PROD00623,REST0046,Food Item 0623,Drinks,659.35,396.03,Available
PROD00624,REST0060,Food Item 0624,Drinks,258.41,156.76,Unavailable
PROD00625,REST0009,Food Item 0625,Noodles,990.19,503.24,Available
PROD00626,REST0045,Food Item 0626,Curry,786.42,516.56,Available
PROD00627,REST0060,Food Item 0627,Curry,266.21,191.91,Available
PROD00628,REST0028,Food Item 0628,Snacks,523.92,261.49,Unavailable
PROD00629,REST0097,Food Item 0629,Rice,995.24,473.63,Available
PROD00630,REST0003,Food Item 0630,Burger,733.82,492.73,Available
PROD00631,REST0051,Food Item 0631,Noodles,237.34,126.26,Available
PROD00632,REST0008,Food Item 0632,Burger,522.6,332.98,Available
PROD00633,REST0070,Food Item 0633,Burger,382.11,251.71,Available
PROD00634,REST0059,Food Item 0634,Noodles,678.86,371.05,Available
PROD00635,REST0061,Food Item 0635,Noodles,1030.83,715.96,Available
PROD00636,REST0058,Food Item 0636,Chicken,591.17,363.57,Available
PROD00637,REST0070,Food Item 0637,Pizza,588.01,417.9,Unavailable
PROD00638,REST0093,Food Item 0638,Curry,1097.78,745.38,Available
PROD00639,REST0012,Food Item 0639,Pizza,742.28,527.44,Unavailable
PROD00640,REST0009,Food Item 0640,Snacks,731.49,333.59,Available
PROD00641,REST0049,Food Item 0641,Noodles,402.86,210.72,Available
PROD00642,REST0083,Food Item 0642,Rice,776.34,370.32,Available
PROD00643,REST0017,Food Item 0643,Snacks,741.98,432.3,Available
PROD00644,REST0054,Food Item 0644,Noodles,548.6,393.34,Available
PROD00645,REST0044,Food Item 0645,Pizza,1189.95,702.38,Available
PROD00646,REST0032,Food Item 0646,Dessert,1072.44,755.98,Unavailable
PROD00647,REST0035,Food Item 0647,Dessert,929.55,509.54,Available
PROD00648,REST0078,Food Item 0648,Curry,700.33,386.49,Available
PROD00649,REST0049,Food Item 0649,Biryani,619.02,444.87,Available
PROD00650,REST0054,Food Item 0650,Rice,319.69,184.7,Available
PROD00651,REST0016,Food Item 0651,Burger,450.2,309.26,Available
PROD00652,REST0085,Food Item 0652,Drinks,955.88,498.01,Available
PROD00653,REST0012,Food Item 0653,Snacks,610.05,448.17,Available
PROD00654,REST0088,Food Item 0654,Noodles,1072.85,667.71,Available
PROD00655,REST0098,Food Item 0655,Dessert,279.74,189.61,Available
PROD00656,REST0008,Food Item 0656,Biryani,669.01,319.02,Unavailable
PROD00657,REST0021,Food Item 0657,Rice,818.72,489.43,Available
PROD00658,REST0048,Food Item 0658,Rice,678.2,488.52,Available
PROD00659,REST0008,Food Item 0659,Dessert,1080.37,770.42,Unavailable
PROD00660,REST0028,Food Item 0660,Drinks,1188.73,551.62,Unavailable
PROD00661,REST0080,Food Item 0661,Biryani,245.1,132.63,Available
PROD00662,REST0010,Food Item 0662,Chicken,260.35,151.78,Unavailable
PROD00663,REST0052,Food Item 0663,Drinks,260.75,130.81,Available
PROD00664,REST0015,Food Item 0664,Pizza,855.67,572.44,Available
PROD00665,REST0004,Food Item 0665,Rice,522.49,264.04,Available
PROD00666,REST0090,Food Item 0666,Biryani,911.98,505.23,Available
PROD00667,REST0079,Food Item 0667,Dessert,557.91,362.07,Available
PROD00668,REST0100,Food Item 0668,Rice,797.82,474.41,Unavailable
PROD00669,REST0096,Food Item 0669,Drinks,951.45,638.97,Available
PROD00670,REST0062,Food Item 0670,Burger,712.07,525.77,Available
PROD00671,REST0004,Food Item 0671,Burger,702.66,340.76,Available
PROD00672,REST0041,Food Item 0672,Rice,215.29,142.71,Available
PROD00673,REST0073,Food Item 0673,Biryani,563.64,292.59,Unavailable
PROD00674,REST0099,Food Item 0674,Biryani,709.44,407.46,Available
PROD00675,REST0055,Food Item 0675,Snacks,618.94,284.63,Available
PROD00676,REST0028,Food Item 0676,Pizza,1092.84,536.34,Available
PROD00677,REST0047,Food Item 0677,Snacks,1099.05,600.01,Unavailable
PROD00678,REST0009,Food Item 0678,Snacks,1007.67,556.83,Available
PROD00679,REST0002,Food Item 0679,Pizza,525.32,378.17,Available
PROD00680,REST0067,Food Item 0680,Dessert,894.68,601.71,Unavailable
PROD00681,REST0048,Food Item 0681,Burger,546.91,405.62,Unavailable
PROD00682,REST0069,Food Item 0682,Dessert,371.2,233.75,Available
PROD00683,REST0074,Food Item 0683,Snacks,490.33,256.2,Unavailable
PROD00684,REST0028,Food Item 0684,Biryani,196.64,107.82,Available
PROD00685,REST0079,Food Item 0685,Pizza,478.32,261.14,Unavailable
PROD00686,REST0014,Food Item 0686,Drinks,617.6,338.41,Available
PROD00687,REST0046,Food Item 0687,Noodles,1151.92,750.92,Available
PROD00688,REST0087,Food Item 0688,Noodles,458.48,279.33,Available
PROD00689,REST0013,Food Item 0689,Curry,1094.65,619.16,Available
PROD00690,REST0016,Food Item 0690,Rice,367.17,181.65,Available
PROD00691,REST0094,Food Item 0691,Chicken,326.25,148.98,Available
PROD00692,REST0040,Food Item 0692,Chicken,680.52,350.91,Available
PROD00693,REST0072,Food Item 0693,Drinks,846.31,408.13,Available
PROD00694,REST0081,Food Item 0694,Curry,167.88,115.1,Unavailable
PROD00695,REST0030,Food Item 0695,Burger,358.75,173.55,Available
PROD00696,REST0081,Food Item 0696,Drinks,612.14,408.46,Unavailable
PROD00697,REST0099,Food Item 0697,Snacks,477.48,270.11,Available
PROD00698,REST0065,Food Item 0698,Drinks,889.63,419.92,Available
PROD00699,REST0058,Food Item 0699,Noodles,672.05,466.28,Available
PROD00700,REST0088,Food Item 0700,Chicken,293.19,182.92,Available
PROD00701,REST0048,Food Item 0701,Burger,1086.02,565.52,Available
PROD00702,REST0049,Food Item 0702,Rice,436.34,313.47,Available
PROD00703,REST0089,Food Item 0703,Snacks,909.62,421.68,Available
PROD00704,REST0002,Food Item 0704,Rice,962.31,491.3,Available
PROD00705,REST0089,Food Item 0705,Noodles,1160.21,783.85,Unavailable
PROD00706,REST0014,Food Item 0706,Curry,658.39,436.39,Available
PROD00707,REST0097,Food Item 0707,Rice,785.1,421.43,Available
PROD00708,REST0017,Food Item 0708,Curry,481.67,225.71,Available
PROD00709,REST0031,Food Item 0709,Snacks,852.43,603.03,Available
PROD00710,REST0010,Food Item 0710,Chicken,620.45,337.59,Available
PROD00711,REST0070,Food Item 0711,Biryani,592.66,301.49,Available
PROD00712,REST0089,Food Item 0712,Drinks,1043.9,631.37,Available
PROD00713,REST0037,Food Item 0713,Dessert,174.18,125.94,Available
PROD00714,REST0064,Food Item 0714,Burger,1072.52,496.65,Available
PROD00715,REST0030,Food Item 0715,Pizza,1040.24,707.09,Available
PROD00716,REST0034,Food Item 0716,Pizza,666.88,414.63,Available
PROD00717,REST0018,Food Item 0717,Snacks,649.42,375.13,Available
PROD00718,REST0088,Food Item 0718,Drinks,510.75,343.85,Available
PROD00719,REST0063,Food Item 0719,Drinks,1193.71,883.04,Available
PROD00720,REST0049,Food Item 0720,Drinks,240.06,124.53,Available
PROD00721,REST0056,Food Item 0721,Burger,757.43,373.48,Available
PROD00722,REST0091,Food Item 0722,Chicken,856.22,619.79,Available
PROD00723,REST0058,Food Item 0723,Biryani,1129.08,734.68,Available
PROD00724,REST0027,Food Item 0724,Drinks,962.62,559.66,Available
PROD00725,REST0055,Food Item 0725,Dessert,815.35,507.13,Unavailable
PROD00726,REST0085,Food Item 0726,Biryani,246.16,165.83,Available
PROD00727,REST0019,Food Item 0727,Burger,523.63,357.07,Available
PROD00728,REST0023,Food Item 0728,Drinks,269.95,195.98,Unavailable
PROD00729,REST0047,Food Item 0729,Snacks,1071.71,619.51,Available
PROD00730,REST0079,Food Item 0730,Burger,929.59,500.14,Available
PROD00731,REST0066,Food Item 0731,Biryani,938.14,602.19,Unavailable
PROD00732,REST0099,Food Item 0732,Curry,824.44,473.82,Available
PROD00733,REST0051,Food Item 0733,Curry,667.61,419.51,Available
PROD00734,REST0084,Food Item 0734,Snacks,281.97,162.41,Available
PROD00735,REST0028,Food Item 0735,Rice,476.07,236.08,Available
PROD00736,REST0057,Food Item 0736,Pizza,267.87,158.27,Unavailable
PROD00737,REST0058,Food Item 0737,Snacks,902.91,593.46,Available
PROD00738,REST0015,Food Item 0738,Curry,293.05,202.14,Available
PROD00739,REST0016,Food Item 0739,Snacks,878.28,525.21,Available
PROD00740,REST0097,Food Item 0740,Noodles,867.64,433.45,Unavailable
PROD00741,REST0047,Food Item 0741,Curry,616.05,353.86,Available
PROD00742,REST0063,Food Item 0742,Chicken,266.05,182.48,Available
PROD00743,REST0012,Food Item 0743,Drinks,459.98,263.96,Available
PROD00744,REST0043,Food Item 0744,Chicken,465.7,306.88,Unavailable
PROD00745,REST0084,Food Item 0745,Rice,876.42,527.75,Available
PROD00746,REST0029,Food Item 0746,Snacks,242.84,126.85,Available
PROD00747,REST0049,Food Item 0747,Noodles,1015.39,699.45,Available
PROD00748,REST0003,Food Item 0748,Curry,941.89,447.65,Available
PROD00749,REST0069,Food Item 0749,Drinks,321.21,195.12,Unavailable
PROD00750,REST0060,Food Item 0750,Noodles,896.7,459.71,Unavailable
PROD00751,REST0066,Food Item 0751,Noodles,841.99,395.84,Available
PROD00752,REST0087,Food Item 0752,Chicken,927.97,557.6,Available
PROD00753,REST0090,Food Item 0753,Pizza,324.04,194.38,Available
PROD00754,REST0026,Food Item 0754,Biryani,290.2,192.13,Available
PROD00755,REST0071,Food Item 0755,Pizza,375.4,252.8,Available
PROD00756,REST0074,Food Item 0756,Snacks,515.14,344.29,Available
PROD00757,REST0069,Food Item 0757,Snacks,977.16,559.78,Unavailable
PROD00758,REST0047,Food Item 0758,Pizza,916.96,586.4,Available
PROD00759,REST0076,Food Item 0759,Biryani,1119.49,697.54,Available
PROD00760,REST0096,Food Item 0760,Curry,183.32,105.68,Unavailable
PROD00761,REST0042,Food Item 0761,Noodles,132.48,83.35,Unavailable
PROD00762,REST0031,Food Item 0762,Noodles,875.07,642.45,Available
PROD00763,REST0022,Food Item 0763,Pizza,421.63,214.13,Unavailable
PROD00764,REST0017,Food Item 0764,Pizza,480.81,347.02,Available
PROD00765,REST0084,Food Item 0765,Burger,710.55,331.14,Available
PROD00766,REST0020,Food Item 0766,Biryani,230.61,125.11,Available
PROD00767,REST0008,Food Item 0767,Chicken,814.11,436.72,Available
PROD00768,REST0098,Food Item 0768,Noodles,471.16,300.56,Available
PROD00769,REST0049,Food Item 0769,Chicken,803.33,393.12,Available
PROD00770,REST0087,Food Item 0770,Drinks,1020.73,729.52,Available
PROD00771,REST0038,Food Item 0771,Curry,304.8,212.92,Available
PROD00772,REST0053,Food Item 0772,Pizza,1125.34,726.54,Available
PROD00773,REST0028,Food Item 0773,Burger,693.14,407.24,Unavailable
PROD00774,REST0077,Food Item 0774,Burger,1116.76,815.11,Available
PROD00775,REST0029,Food Item 0775,Snacks,344.35,240.78,Unavailable
PROD00776,REST0072,Food Item 0776,Drinks,772.93,463.6,Unavailable
PROD00777,REST0011,Food Item 0777,Curry,556.2,367.4,Available
PROD00778,REST0047,Food Item 0778,Curry,956.16,592.89,Available
PROD00779,REST0045,Food Item 0779,Rice,774.38,485.06,Available
PROD00780,REST0018,Food Item 0780,Pizza,654.08,359.28,Available
PROD00781,REST0050,Food Item 0781,Snacks,1106.02,651.03,Unavailable
PROD00782,REST0089,Food Item 0782,Biryani,527.29,249.64,Unavailable
PROD00783,REST0049,Food Item 0783,Biryani,357.58,199.25,Available
PROD00784,REST0022,Food Item 0784,Dessert,776.75,511.68,Unavailable
PROD00785,REST0045,Food Item 0785,Curry,793.95,584.32,Available
PROD00786,REST0061,Food Item 0786,Chicken,594.22,439.08,Unavailable
PROD00787,REST0099,Food Item 0787,Drinks,645.54,398.12,Available
PROD00788,REST0093,Food Item 0788,Burger,1156.32,730.78,Available
PROD00789,REST0021,Food Item 0789,Pizza,911.3,460.86,Available
PROD00790,REST0071,Food Item 0790,Drinks,239.45,157.7,Unavailable
PROD00791,REST0061,Food Item 0791,Noodles,349.1,164.5,Available
PROD00792,REST0076,Food Item 0792,Rice,1173.62,628.36,Unavailable
PROD00793,REST0036,Food Item 0793,Burger,904.58,588.44,Available
PROD00794,REST0024,Food Item 0794,Drinks,1108.25,601.88,Available
PROD00795,REST0032,Food Item 0795,Drinks,448.17,208.38,Unavailable
PROD00796,REST0091,Food Item 0796,Rice,921.22,644.45,Available
PROD00797,REST0096,Food Item 0797,Drinks,891.12,483.97,Available
PROD00798,REST0059,Food Item 0798,Snacks,438.27,205.52,Available
PROD00799,REST0096,Food Item 0799,Burger,714.88,337.74,Available
PROD00800,REST0096,Food Item 0800,Noodles,797.61,419.17,Unavailable
PROD00801,REST0090,Food Item 0801,Burger,639.62,321.99,Unavailable
PROD00802,REST0075,Food Item 0802,Rice,1013.35,691.4,Available
PROD00803,REST0082,Food Item 0803,Noodles,1019.5,557.16,Available
PROD00804,REST0005,Food Item 0804,Biryani,1038.65,718.13,Unavailable
PROD00805,REST0016,Food Item 0805,Pizza,987.7,495.98,Available
PROD00806,REST0011,Food Item 0806,Curry,647.13,386.9,Unavailable
PROD00807,REST0035,Food Item 0807,Biryani,531.95,349.18,Available
PROD00808,REST0075,Food Item 0808,Snacks,1017.89,657.15,Available
PROD00809,REST0042,Food Item 0809,Burger,649.42,409.35,Available
PROD00810,REST0087,Food Item 0810,Noodles,386.08,280.85,Unavailable
PROD00811,REST0098,Food Item 0811,Pizza,667.93,346.36,Available
PROD00812,REST0081,Food Item 0812,Pizza,273.2,163.41,Available
PROD00813,REST0010,Food Item 0813,Rice,866.96,620.05,Available
PROD00814,REST0082,Food Item 0814,Rice,482.79,228.54,Available
PROD00815,REST0008,Food Item 0815,Rice,401.51,187.41,Available
PROD00816,REST0026,Food Item 0816,Chicken,1153.03,599.56,Available
PROD00817,REST0003,Food Item 0817,Burger,959.03,613.69,Available
PROD00818,REST0059,Food Item 0818,Dessert,970.04,512.15,Unavailable
PROD00819,REST0088,Food Item 0819,Snacks,793.62,402.42,Unavailable
PROD00820,REST0003,Food Item 0820,Drinks,1026.31,603.1,Available
PROD00821,REST0038,Food Item 0821,Snacks,939.9,595.97,Unavailable
PROD00822,REST0002,Food Item 0822,Curry,766.68,402.18,Available
PROD00823,REST0099,Food Item 0823,Rice,1158.01,625.57,Available
PROD00824,REST0017,Food Item 0824,Curry,326.92,207.29,Available
PROD00825,REST0073,Food Item 0825,Snacks,1138.85,835.6,Available
PROD00826,REST0036,Food Item 0826,Chicken,553.55,361.15,Available
PROD00827,REST0086,Food Item 0827,Curry,690.67,473.02,Available
PROD00828,REST0095,Food Item 0828,Burger,252.56,141.44,Unavailable
PROD00829,REST0098,Food Item 0829,Noodles,703.32,373.94,Available
PROD00830,REST0088,Food Item 0830,Dessert,780.1,457.36,Available
PROD00831,REST0073,Food Item 0831,Dessert,1197.52,828.85,Available
PROD00832,REST0002,Food Item 0832,Snacks,1173.21,688.55,Unavailable
PROD00833,REST0085,Food Item 0833,Drinks,1163.71,819.27,Available
PROD00834,REST0034,Food Item 0834,Rice,496.26,370.52,Available
PROD00835,REST0027,Food Item 0835,Snacks,1190.57,561.48,Available
PROD00836,REST0037,Food Item 0836,Curry,611.92,283.7,Available
PROD00837,REST0071,Food Item 0837,Chicken,1039.98,514.66,Available
PROD00838,REST0022,Food Item 0838,Noodles,353.63,199.91,Available
PROD00839,REST0068,Food Item 0839,Dessert,666.3,326.03,Available
PROD00840,REST0014,Food Item 0840,Biryani,1163.29,827.33,Available
PROD00841,REST0098,Food Item 0841,Dessert,1142.79,522.19,Available
PROD00842,REST0023,Food Item 0842,Noodles,858.43,467.62,Available
PROD00843,REST0044,Food Item 0843,Burger,981.64,496.13,Available
PROD00844,REST0089,Food Item 0844,Curry,310.54,226.53,Available
PROD00845,REST0065,Food Item 0845,Pizza,899.39,585.36,Available
PROD00846,REST0079,Food Item 0846,Chicken,787.49,569.83,Available
PROD00847,REST0096,Food Item 0847,Drinks,218.88,162.34,Unavailable
PROD00848,REST0078,Food Item 0848,Biryani,242.21,145.12,Available
PROD00849,REST0061,Food Item 0849,Snacks,237.12,123.37,Available
PROD00850,REST0085,Food Item 0850,Rice,902.31,458.48,Available
PROD00851,REST0055,Food Item 0851,Rice,273.05,141.13,Available
PROD00852,REST0071,Food Item 0852,Rice,625.15,414.21,Unavailable
PROD00853,REST0100,Food Item 0853,Biryani,505.54,233.63,Unavailable
PROD00854,REST0085,Food Item 0854,Noodles,714.54,332.55,Available
PROD00855,REST0050,Food Item 0855,Drinks,882.99,558.44,Unavailable
PROD00856,REST0012,Food Item 0856,Dessert,859.5,552.33,Available
PROD00857,REST0079,Food Item 0857,Snacks,676.76,439.61,Unavailable
PROD00858,REST0015,Food Item 0858,Pizza,621.48,349.0,Available
PROD00859,REST0017,Food Item 0859,Drinks,549.64,380.23,Available
PROD00860,REST0034,Food Item 0860,Snacks,1050.86,641.12,Unavailable
PROD00861,REST0035,Food Item 0861,Pizza,477.32,229.9,Available
PROD00862,REST0039,Food Item 0862,Chicken,400.12,275.73,Available
PROD00863,REST0078,Food Item 0863,Noodles,922.78,679.09,Unavailable
PROD00864,REST0055,Food Item 0864,Chicken,508.54,238.0,Available
PROD00865,REST0059,Food Item 0865,Noodles,1034.76,587.13,Unavailable
PROD00866,REST0005,Food Item 0866,Curry,474.12,282.7,Available
PROD00867,REST0030,Food Item 0867,Dessert,878.1,433.73,Available
PROD00868,REST0004,Food Item 0868,Burger,168.72,119.84,Available
PROD00869,REST0015,Food Item 0869,Burger,536.41,287.11,Unavailable
PROD00870,REST0035,Food Item 0870,Noodles,490.69,336.07,Available
PROD00871,REST0074,Food Item 0871,Burger,1002.01,652.61,Available
PROD00872,REST0055,Food Item 0872,Biryani,1164.42,732.9,Available
PROD00873,REST0066,Food Item 0873,Snacks,617.75,313.6,Available
PROD00874,REST0060,Food Item 0874,Drinks,1010.82,521.8,Unavailable
PROD00875,REST0024,Food Item 0875,Chicken,875.67,406.49,Available
PROD00876,REST0092,Food Item 0876,Curry,1164.78,608.26,Unavailable
PROD00877,REST0022,Food Item 0877,Dessert,996.0,551.42,Unavailable
PROD00878,REST0044,Food Item 0878,Dessert,203.68,142.56,Available
PROD00879,REST0032,Food Item 0879,Curry,890.34,498.52,Available
PROD00880,REST0095,Food Item 0880,Rice,698.34,472.35,Available
PROD00881,REST0083,Food Item 0881,Rice,137.75,80.15,Available
PROD00882,REST0051,Food Item 0882,Rice,391.42,268.3,Available
PROD00883,REST0085,Food Item 0883,Curry,1115.5,828.68,Unavailable
PROD00884,REST0003,Food Item 0884,Burger,1120.15,584.67,Available
PROD00885,REST0070,Food Item 0885,Pizza,982.76,696.48,Available
PROD00886,REST0032,Food Item 0886,Curry,1180.32,751.33,Unavailable
PROD00887,REST0002,Food Item 0887,Burger,991.07,688.98,Available
PROD00888,REST0088,Food Item 0888,Drinks,131.02,84.57,Unavailable
PROD00889,REST0059,Food Item 0889,Curry,430.86,248.69,Available
PROD00890,REST0091,Food Item 0890,Chicken,153.07,79.35,Available
PROD00891,REST0073,Food Item 0891,Burger,221.64,104.39,Available
PROD00892,REST0077,Food Item 0892,Dessert,356.35,217.61,Available
PROD00893,REST0014,Food Item 0893,Noodles,663.84,495.95,Unavailable
PROD00894,REST0051,Food Item 0894,Noodles,1035.33,695.13,Unavailable
PROD00895,REST0011,Food Item 0895,Curry,1050.92,576.12,Unavailable
PROD00896,REST0078,Food Item 0896,Chicken,785.5,548.41,Available
PROD00897,REST0080,Food Item 0897,Chicken,1122.43,764.03,Available
PROD00898,REST0010,Food Item 0898,Noodles,660.07,352.8,Available
PROD00899,REST0084,Food Item 0899,Burger,1080.16,490.71,Unavailable
PROD00900,REST0080,Food Item 0900,Drinks,610.39,296.31,Unavailable
PROD00901,REST0058,Food Item 0901,Curry,419.4,299.11,Available
PROD00902,REST0034,Food Item 0902,Drinks,1109.73,777.89,Available
PROD00903,REST0080,Food Item 0903,Rice,538.97,290.27,Available
PROD00904,REST0078,Food Item 0904,Pizza,663.68,355.44,Available
PROD00905,REST0053,Food Item 0905,Biryani,475.17,326.85,Available
PROD00906,REST0028,Food Item 0906,Rice,835.86,611.28,Available
PROD00907,REST0018,Food Item 0907,Snacks,1194.63,816.82,Available
PROD00908,REST0026,Food Item 0908,Dessert,147.55,93.2,Available
PROD00909,REST0007,Food Item 0909,Biryani,1091.84,570.82,Unavailable
PROD00910,REST0045,Food Item 0910,Dessert,124.24,75.5,Available
PROD00911,REST0098,Food Item 0911,Curry,513.37,266.98,Available
PROD00912,REST0045,Food Item 0912,Rice,302.1,209.18,Available
PROD00913,REST0071,Food Item 0913,Chicken,937.93,530.95,Available
PROD00914,REST0097,Food Item 0914,Noodles,174.66,122.28,Available
PROD00915,REST0035,Food Item 0915,Noodles,717.76,405.16,Available
PROD00916,REST0052,Food Item 0916,Drinks,438.52,305.76,Available
PROD00917,REST0021,Food Item 0917,Biryani,264.36,145.4,Available
PROD00918,REST0028,Food Item 0918,Snacks,953.56,555.01,Available
PROD00919,REST0096,Food Item 0919,Rice,354.81,225.18,Available
PROD00920,REST0044,Food Item 0920,Noodles,361.57,170.33,Available
PROD00921,REST0080,Food Item 0921,Burger,417.08,306.33,Available
PROD00922,REST0056,Food Item 0922,Chicken,753.71,468.87,Available
PROD00923,REST0010,Food Item 0923,Dessert,832.44,501.42,Available
PROD00924,REST0023,Food Item 0924,Curry,139.01,97.56,Available
PROD00925,REST0048,Food Item 0925,Drinks,381.22,270.56,Available
PROD00926,REST0052,Food Item 0926,Biryani,585.45,355.18,Available
PROD00927,REST0015,Food Item 0927,Pizza,478.54,348.46,Available
PROD00928,REST0055,Food Item 0928,Noodles,1074.9,504.58,Available
PROD00929,REST0043,Food Item 0929,Drinks,970.73,469.8,Unavailable
PROD00930,REST0050,Food Item 0930,Burger,795.96,500.69,Available
PROD00931,REST0006,Food Item 0931,Burger,485.09,269.82,Available
PROD00932,REST0033,Food Item 0932,Snacks,876.73,516.63,Available
PROD00933,REST0062,Food Item 0933,Biryani,1031.13,565.5,Available
PROD00934,REST0055,Food Item 0934,Snacks,762.42,435.66,Available
PROD00935,REST0039,Food Item 0935,Biryani,967.22,673.95,Available
PROD00936,REST0012,Food Item 0936,Noodles,929.03,583.47,Available
PROD00937,REST0100,Food Item 0937,Rice,737.48,552.52,Unavailable
PROD00938,REST0031,Food Item 0938,Curry,457.16,313.64,Available
PROD00939,REST0074,Food Item 0939,Dessert,925.44,492.43,Available
PROD00940,REST0053,Food Item 0940,Dessert,343.34,181.73,Unavailable
PROD00941,REST0034,Food Item 0941,Rice,961.85,529.76,Available
PROD00942,REST0041,Food Item 0942,Burger,988.91,695.18,Available
PROD00943,REST0010,Food Item 0943,Chicken,1007.92,461.82,Available
PROD00944,REST0052,Food Item 0944,Curry,630.75,327.39,Available
PROD00945,REST0075,Food Item 0945,Noodles,327.88,236.56,Available
PROD00946,REST0057,Food Item 0946,Rice,227.7,146.18,Unavailable
PROD00947,REST0078,Food Item 0947,Curry,922.83,478.08,Available
PROD00948,REST0003,Food Item 0948,Dessert,1077.16,555.54,Available
PROD00949,REST0057,Food Item 0949,Curry,822.91,583.27,Available
PROD00950,REST0033,Food Item 0950,Biryani,275.69,197.98,Available
PROD00951,REST0007,Food Item 0951,Drinks,1129.69,595.17,Available
PROD00952,REST0004,Food Item 0952,Biryani,1188.23,684.6,Available
PROD00953,REST0039,Food Item 0953,Rice,588.05,411.86,Available
PROD00954,REST0048,Food Item 0954,Noodles,762.41,519.43,Available
PROD00955,REST0074,Food Item 0955,Pizza,959.41,666.0,Available
PROD00956,REST0079,Food Item 0956,Snacks,915.3,554.23,Available
PROD00957,REST0016,Food Item 0957,Snacks,1165.21,842.99,Unavailable
PROD00958,REST0038,Food Item 0958,Pizza,244.07,133.7,Available
PROD00959,REST0004,Food Item 0959,Curry,747.18,371.35,Available
PROD00960,REST0004,Food Item 0960,Pizza,867.29,574.68,Available
PROD00961,REST0100,Food Item 0961,Snacks,1081.31,661.55,Unavailable
PROD00962,REST0027,Food Item 0962,Burger,1064.04,751.61,Available
PROD00963,REST0086,Food Item 0963,Dessert,1176.24,557.95,Available
PROD00964,REST0086,Food Item 0964,Snacks,673.04,473.22,Unavailable
PROD00965,REST0017,Food Item 0965,Snacks,1017.22,547.25,Available
PROD00966,REST0098,Food Item 0966,Burger,581.46,375.89,Unavailable
PROD00967,REST0096,Food Item 0967,Snacks,576.1,266.18,Unavailable
PROD00968,REST0070,Food Item 0968,Curry,393.62,249.11,Available
PROD00969,REST0054,Food Item 0969,Burger,1003.7,667.64,Available
PROD00970,REST0097,Food Item 0970,Dessert,1184.68,664.16,Available
PROD00971,REST0008,Food Item 0971,Noodles,396.85,204.23,Unavailable
PROD00972,REST0053,Food Item 0972,Biryani,180.62,110.41,Available
PROD00973,REST0100,Food Item 0973,Noodles,1000.79,700.51,Available
PROD00974,REST0005,Food Item 0974,Burger,789.85,432.1,Available
PROD00975,REST0069,Food Item 0975,Burger,1156.47,608.0,Available
PROD00976,REST0047,Food Item 0976,Rice,392.42,209.43,Available
PROD00977,REST0074,Food Item 0977,Drinks,196.71,144.53,Available
PROD00978,REST0040,Food Item 0978,Drinks,651.84,363.59,Available
PROD00979,REST0007,Food Item 0979,Burger,212.3,95.76,Available
PROD00980,REST0012,Food Item 0980,Biryani,402.73,275.67,Available
PROD00981,REST0094,Food Item 0981,Rice,256.06,168.94,Available
PROD00982,REST0025,Food Item 0982,Pizza,362.06,176.89,Available
PROD00983,REST0028,Food Item 0983,Chicken,234.64,174.92,Available
PROD00984,REST0043,Food Item 0984,Biryani,1150.22,727.42,Available
PROD00985,REST0077,Food Item 0985,Burger,420.85,252.61,Available
PROD00986,REST0047,Food Item 0986,Burger,599.41,338.47,Available
PROD00987,REST0049,Food Item 0987,Biryani,1090.5,784.73,Unavailable
PROD00988,REST0086,Food Item 0988,Curry,851.51,445.5,Available
PROD00989,REST0054,Food Item 0989,Rice,787.48,421.88,Available
PROD00990,REST0018,Food Item 0990,Burger,882.01,429.29,Unavailable
PROD00991,REST0027,Food Item 0991,Chicken,1015.13,687.99,Unavailable
PROD00992,REST0072,Food Item 0992,Pizza,1067.88,671.34,Unavailable
PROD00993,REST0006,Food Item 0993,Noodles,814.05,515.07,Available
PROD00994,REST0075,Food Item 0994,Dessert,1081.21,557.41,Available
PROD00995,REST0093,Food Item 0995,Chicken,698.23,450.6,Available
PROD00996,REST0069,Food Item 0996,Dessert,419.47,285.09,Available
PROD00997,REST0071,Food Item 0997,Snacks,1070.48,596.65,Available
PROD00998,REST0022,Food Item 0998,Curry,704.79,486.59,Available
PROD00999,REST0059,Food Item 0999,Chicken,1098.63,609.34,Available
PROD01000,REST0047,Food Item 1000,Drinks,163.38,110.68,Available
